LOCK TABLES `Researcher` WRITE;
INSERT INTO `Researcher` VALUES (106865131,'Steffie','Probat','F','1997-11-16',24),(107808679,'Clio','Shevlin','F','1995-11-30',26),(110239664,'Gregg','Clempton','M','1999-07-30',22),(110245985,'Decca','Bangley','M','1981-04-26',41),(110901426,'Mead','Hurford','M','1998-04-22',24),(113276554,'Gwyn','Leopold','F','1998-09-30',23),(113469608,'Leann','Flewan','F','1968-07-21',53),(113967837,'Elberta','Eccleshare','F','1984-05-17',38),(116611664,'Larry','Trolley','M','1998-01-26',24),(117639602,'Rivy','Ketchell','F','1961-02-28',61),(117792351,'Fallon','Cowton','F','1966-02-11',56),(120915053,'Alikee','Peabody','F','1984-02-14',38),(127087312,'Martino','Bamber','M','1990-03-31',32),(127975324,'Margery','Sutworth','F','1987-01-26',35),(131452438,'Durant','Parchment','M','1967-03-20',55),(133323919,'Alard','Kubanek','M','1983-03-13',39),(141689804,'Tessi','Musprat','F','1965-11-17',56),(144798190,'Marylou','Tunnick','F','1984-10-22',37),(147142660,'Andrea','Absolem','M','1999-10-04',22),(150084003,'Cornie','Siege','M','1988-08-06',33),(152728391,'Emmalee','Hourstan','F','1988-06-02',34),(156144263,'Trip','Calvert','M','1969-08-22',52),(158198551,'Reagen','Charrett','M','1961-03-06',61),(159051828,'Rochette','Stoyell','F','1985-03-12',37),(160817873,'Boy','Humes','M','1998-11-11',23),(162020835,'Mignonne','Dudenie','F','1979-11-25',42),(167674518,'Emile','Curnock','M','1997-11-22',24),(168561988,'Adair','Cottle','M','1981-06-10',41),(169581396,'Garold','Goaley','M','1992-07-08',30),(176684121,'Cazzie','Ourry','M','1989-11-22',32),(179118970,'Myrtia','Espinos','F','1976-02-12',46),(181044625,'Farrel','Besant','M','1988-10-17',33),(182245788,'Emery','Baxandall','M','1967-11-19',54),(182504783,'Bing','Peto','M','1991-12-21',30),(184292650,'Rae','Jancik','F','1993-11-21',28),(194382586,'Reinhard','Fordyce','M','1963-08-11',58),(197512098,'Ase','Unstead','M','1990-04-01',32),(198005001,'Hortense','Janaway','F','1975-11-07',46),(198401169,'Dosi','Vasilechko','F','1966-01-11',56),(198556938,'Carina','Elson','F','1970-04-08',52),(203101866,'Britni','Ball','F','1989-11-27',32),(203867017,'Eddie','Nund','F','1999-01-26',23),(207000545,'Fabe','Bach','M','1966-09-06',55),(208639472,'Shir','Pernell','F','1996-11-27',25),(209539044,'Renee','Cocksedge','F','1973-10-07',48),(210020898,'Silvanus','Banaszewski','M','1997-06-25',25),(212097193,'Quillan','Codi','M','1973-07-28',48),(213239550,'Ewen','Etchingham','M','1972-03-04',50),(213368307,'Humfried','Orht','M','1968-03-26',54),(214580592,'Aldwin','Maneylaws','M','1963-10-17',58),(214698015,'Jacquie','Gavaghan','F','1974-02-12',48),(215811703,'Blake','Sutehall','M','1962-01-17',60),(217562400,'Liv','Sleightholm','F','1989-12-29',32),(218482891,'Isac','Knapp','M','1981-12-05',40),(218529625,'Salomone','Cripps','M','1987-07-12',35),(218659401,'Albina','Yushachkov','F','1971-09-22',50),(221637500,'Yul','Selesnick','M','1964-01-14',58),(221762317,'Talbert','Toffano','M','1982-01-19',40),(222291272,'Flora','Knight','F','1993-03-22',29),(225373343,'Dore','Scorer','M','1962-12-06',59),(227211503,'Tilda','Durrell','F','1994-12-19',27),(233097413,'Alasdair','Dorran','M','1980-01-10',42),(233923730,'Jeremias','Buckston','M','1993-07-24',28),(236577927,'Justin','Garnson','M','1996-01-30',26),(236686717,'Zeke','Nellen','M','1978-08-23',43),(239662336,'Hank','Pencost','M','1998-10-07',23),(241072762,'Vincent','Ortes','M','1992-04-16',30),(241168607,'Timmy','Pegler','M','1968-02-24',54),(244646921,'Arni','Huxstep','M','1984-10-18',37),(246784223,'Base','Hender','M','1964-04-28',58),(246892084,'Revkah','Adamovich','F','1988-09-25',33),(247136082,'Mayne','Browell','M','1991-02-08',31),(249876352,'Carlye','Livezley','F','1990-05-10',32),(253157981,'Star','Pyatt','F','1982-07-02',40),(253835352,'Danyelle','Landers','F','1981-02-28',41),(253890084,'Merla','Divisek','F','1995-10-12',26),(254361341,'Rori','Kiss','F','1973-03-17',49),(254922337,'Aldon','Jeafferson','M','1974-08-24',47),(255050607,'Ellen','Mobius','F','1994-11-10',27),(257916140,'Stephanie','Bolger','F','1967-11-13',54),(258075884,'Jasmine','Matusiak','F','1975-07-31',46),(259890229,'Evyn','Pruvost','M','1982-04-21',40),(260019359,'Putnem','Simonds','M','1987-06-26',35),(261026010,'Vaclav','Buick','M','1963-11-29',58),(262433045,'Farly','Cato','M','1999-10-26',22),(263938903,'Moss','Stroder','M','1966-05-03',56),(268556966,'Raphaela','Germaine','F','1975-05-09',47),(268611389,'Dalston','Giberd','M','1990-08-17',31),(268928959,'Hi','Boich','M','1988-02-17',34),(272472034,'Rodrick','McNellis','M','1976-08-15',45),(273714828,'Phil','Couves','F','1966-06-21',56),(274595363,'Jill','Perazzo','F','1961-04-19',61),(278842221,'Willi','Grewar','F','1987-09-10',34),(283004998,'Pavlov','Cholwell','M','1979-09-18',42),(284473410,'Nappie','Deeprose','M','1983-12-25',38),(285509379,'Bartholomeus','Rattery','M','1980-04-13',42),(285831103,'Vic','Heald','M','1994-11-16',27),(287782913,'Tedd','Nicholson','M','1982-05-01',40),(288481030,'Carrol','Hartill','M','1999-07-30',22),(290556637,'Lin','Zorzoni','F','1995-04-21',27),(295147450,'Ashlen','Ivey','F','1993-12-21',28),(298639540,'Wilmer','Cavanagh','M','1989-03-14',33),(299166765,'Lucia','McNeachtain','F','1985-02-12',37),(301210242,'Quintus','Cubbini','M','1986-01-29',36),(301813810,'Kanya','Hincham','F','1967-09-05',54),(302319168,'Chryste','Yeates','F','1987-12-16',34),(303035823,'Noland','Dowell','M','1990-03-31',32),(305658268,'Adrien','Cullen','M','1996-06-03',26),(307769044,'Linnell','Patzelt','F','1998-03-06',24),(311003622,'Ritchie','Livingston','M','1964-08-06',57),(312330283,'Rachael','Leebeter','F','1972-01-25',50),(312796281,'Hyacinthie','Hischke','F','1985-02-04',37),(313273391,'Saidee','Mungin','F','1984-01-02',38),(316157156,'Allister','Borland','M','1986-05-26',36),(318486350,'Hasheem','Battersby','M','1984-01-21',38),(322019969,'Natala','Glasgow','F','1966-11-05',55),(324038069,'Dud','Eden','M','1996-09-03',25),(325054182,'Celinda','Vedyasov','F','1977-12-17',44),(325396893,'Demetre','Stoffers','M','1996-07-06',26),(328782700,'Hesther','Rodolico','F','1991-06-05',31),(332060353,'Kristyn','O\'Neill','F','1966-10-18',55),(333656648,'Bennett','Nerheny','M','1993-12-06',28),(334739920,'Steffie','Checkley','F','1988-09-03',33),(341700862,'Gabrila','Mitchel','F','1982-09-02',39),(343206970,'Edan','McGurgan','M','1967-05-20',55),(345843692,'Dolph','Klemensiewicz','M','1980-09-22',41),(347940856,'Roberta','Buxy','F','1962-05-01',60),(348761091,'Mycah','Fishbourne','M','1963-02-20',59),(350382066,'Adan','Franscioni','F','1971-08-31',50),(351484171,'Evanne','Raft','F','1991-08-20',30),(355035092,'Glenine','Poel','F','1969-03-21',53),(355562703,'Danyette','Anster','F','1962-09-01',59),(360553291,'Emelda','Aizik','F','1978-04-16',44),(361312552,'Willi','Lyman','F','1968-11-09',53),(361929382,'Jeremy','Bastock','M','1997-09-27',24),(362873761,'Clary','Layburn','F','1969-07-07',53),(363176280,'Ainslee','Di Lucia','F','1961-11-26',60),(365060018,'Felic','Brew','M','1976-11-30',45),(365243038,'Waldemar','Plesing','M','1974-03-23',48),(365878987,'Brandise','Falco','F','1968-10-03',53),(366520413,'Irvine','Bulward','M','1966-12-14',55),(369016062,'Udell','Wealthall','M','1972-06-25',50),(370675053,'Antons','Rohlf','M','1964-07-20',57),(371651102,'Shepperd','Meron','M','1972-09-26',49),(373940066,'Kacie','Melpuss','F','1962-08-31',59),(379017655,'Sarene','Sea','F','1979-05-16',43),(379911894,'Dane','Jeff','M','1977-11-14',44),(384681342,'Costanza','Jeens','F','1992-11-26',29),(387046489,'Evangelina','McCarl','F','1983-01-15',39),(389359593,'Debor','Golby','F','1966-10-03',55),(390948307,'Gwen','Bownde','F','1994-02-08',28),(391943760,'Christina','Guice','F','1991-10-31',30),(393048077,'Darb','Northleigh','F','1963-11-19',58),(393831375,'Malachi','Ackhurst','M','1996-02-16',26),(393970585,'Bertha','Shorey','F','1992-02-15',30),(397439958,'Graeme','Stanton','M','1999-11-08',22),(397877284,'Dasya','Deppe','F','1980-09-19',41),(400586785,'Irwin','Brydell','M','1980-09-04',41),(404164067,'Coriss','Peaddie','F','1977-04-11',45),(406756409,'Ephrem','Poulter','M','1978-05-14',44),(408970717,'Devin','Crisp','F','1967-04-28',55),(410234856,'Ernie','Bungey','M','1961-09-01',60),(411512776,'Tammie','Di Francesco','M','1998-03-28',24),(412639087,'Flem','Insall','M','1976-10-14',45),(412885454,'Rea','Pear','F','1972-11-11',49),(417335664,'Dunc','Clowsley','M','2000-04-09',22),(417514286,'Annmarie','Yashin','F','1984-05-22',38),(418438379,'Lacee','Burgher','F','1963-12-01',58),(418584619,'Bell','Nangle','F','1961-02-28',61),(419964385,'Devi','Benet','F','1994-03-04',28),(420009076,'Ludvig','Coslitt','M','1999-03-17',23),(420574585,'Emery','Atwel','M','1998-01-16',24),(421193748,'Darbie','Chadd','F','1996-05-21',26),(425664895,'Kasey','Southerton','F','1984-12-09',37),(426587562,'Denni','Lince','F','1998-08-02',23),(427430119,'Pierce','Jaine','M','1990-01-02',32),(434950618,'Erskine','Lavell','M','1998-11-19',23),(435075826,'Sadie','Zavattari','F','1971-11-17',50),(440130331,'Althea','Giovannini','F','1966-11-09',55),(442605307,'Rik','Wailes','M','1968-11-24',53),(442847504,'Ariadne','Nazareth','F','1965-03-23',57),(444316098,'Holmes','Puve','M','1964-01-25',58),(444698448,'Susana','Withringten','F','1980-06-28',42),(446156418,'Leann','Fleischer','F','1968-07-02',54),(447347943,'Shellie','Jzhakov','F','1979-07-20',42),(449353640,'Nicola','Stanfield','F','1975-05-06',47),(449408395,'Roosevelt','Dicks','M','1986-05-14',36),(450654924,'Hershel','Bunhill','M','1987-06-28',35),(450752517,'Michell','Bridie','F','1960-10-07',61),(451484123,'Wilow','Layson','F','1999-10-30',22),(452412777,'Murial','Lamanby','F','1988-01-09',34),(454837217,'Joeann','Poundford','F','1975-01-23',47),(455948225,'Dallon','Baford','M','1983-02-21',39),(460808346,'Harriott','Bollard','F','1972-08-30',49),(461404914,'Herc','Feld','M','1960-11-15',61),(462841976,'Jermaine','Copins','F','1993-12-30',28),(465655662,'Sandor','Mc Menamin','M','1988-03-05',34),(476995365,'Merridie','Pletts','F','1977-08-23',44),(480141515,'Brewer','Grinval','M','1986-10-25',35),(481961313,'Adan','Keetch','M','1991-08-12',30),(485258758,'Tarrance','Sweeten','M','1964-06-29',58),(485802780,'Warden','Dorkens','M','1989-07-07',33),(486958485,'Ives','Lenglet','M','1975-12-26',46),(488514815,'Stephine','Ozelton','F','1987-03-11',35),(500882380,'Penni','Ritelli','F','1962-09-23',59),(502016671,'Tallia','Convery','F','1981-06-07',41),(502871834,'Mab','Winspear','F','1991-01-17',31),(506448898,'Hersch','Tortoishell','M','1994-08-31',27),(507507772,'Carri','Brea','F','1971-09-01',50),(508761496,'Lillis','Antonioni','F','1976-01-03',46),(509045260,'Bebe','Girk','F','1995-07-31',26),(509644232,'Berky','Benam','M','1982-03-07',40),(510549707,'Thaine','Paulson','M','1971-09-13',50),(513995014,'Annaliese','Stone Fewings','F','1995-04-13',27),(514856051,'Thomasa','Blatcher','F','1965-07-12',57),(517850037,'Vonni','Edgcombe','F','1966-06-16',56),(517866527,'Quillan','Brozek','M','1990-08-26',31),(520901260,'Helga','Reimer','F','1963-05-04',59),(521923519,'Durward','Filipson','M','1974-12-20',47),(522965143,'Alie','Ramsden','F','1989-01-27',33),(524757851,'Hermine','Vescovini','F','1970-01-06',52),(531608289,'Katerina','Tomei','F','1962-05-15',60),(531943566,'Carmine','Stanbra','M','1989-07-19',32),(533148441,'Remington','Barchrameev','M','2000-03-01',22),(533228360,'Armand','Woodford','M','1973-01-11',49),(534447530,'Neal','Drinnan','M','1985-10-30',36),(534630913,'Gerta','Kave','F','1994-04-11',28),(535006851,'Ian','Thulborn','M','1991-03-01',31),(536130872,'Barn','Tregoning','M','1997-07-25',24),(538461560,'Teddy','Spencook','F','1989-02-12',33),(539195125,'Maryjane','McCurlye','F','1966-09-20',55),(540925611,'Bale','Rizzotto','M','1979-04-12',43),(541988799,'Darn','Bulch','M','1981-07-06',41),(545398998,'Frasier','Futcher','M','1975-10-30',46),(547177971,'Rowney','Antham','M','1965-04-12',57),(547392743,'Violante','Brithman','F','1961-10-14',60),(549857717,'Hammad','Lobb','M','1990-03-29',32),(550209090,'Trevar','Chessell','M','1964-07-06',58),(551335869,'Bernadene','Cunney','F','1978-12-08',43),(552393702,'Daryl','Dami','F','1980-11-27',41),(553289194,'Kingston','Ianson','M','1999-04-07',23),(554683557,'Putnem','Tanswill','M','1968-10-09',53),(558233457,'Kristos','Laugheran','M','1989-07-14',33),(558469896,'Lorne','Nemchinov','M','1965-08-09',56),(559442453,'Christan','Smallpeace','F','1992-03-10',30),(561262651,'Dorothee','Hayselden','F','1991-07-02',31),(563909882,'Isacco','Charte','M','1987-03-20',35),(567170616,'Lilith','Izzett','F','1981-06-05',41),(567883549,'Wit','Ducker','M','1982-12-23',39),(567960477,'Candide','Quail','F','1979-03-10',43),(568661986,'Gran','Jackalin','M','1983-06-10',39),(569164711,'Reid','Pavlasek','M','1970-04-08',52),(569400739,'Cully','Sodeau','M','1998-12-23',23),(574400457,'Crissie','Tofanelli','F','1974-10-30',47),(575141059,'Cherrita','Lorne','F','1978-08-06',43),(576380000,'Barty','Amey','M','1986-12-17',35),(581019352,'Claretta','Ferreres','F','1989-07-08',33),(581286603,'Wyn','Cooling','M','1963-02-05',59),(581439820,'Rosalind','Abbie','F','1992-02-04',30),(590120783,'Uri','Romanelli','M','1968-10-06',53),(594813433,'Abbe','Fardon','M','1966-07-28',55),(595573445,'Gannon','Duce','M','1972-02-10',50),(596084212,'Agna','Fishleigh','F','1984-10-15',37),(598018155,'Urson','Rusk','M','1988-06-24',34),(599365198,'Marcus','Wimpeney','M','1972-11-24',49),(600200421,'Vonny','Cutts','F','1971-01-07',51),(600484843,'Bale','L\'Homme','M','1978-04-17',44),(600808682,'Laurent','Clubley','M','1964-10-28',57),(602049557,'Jeannie','Worsnip','F','1960-09-08',61),(607459831,'Bartolomeo','Faldoe','M','1985-12-30',36),(607759544,'Carmela','Devanny','F','1971-07-23',50),(608578482,'Marve','Beynon','M','1980-08-09',41),(609301126,'Marnia','Tomeo','F','1971-05-06',51),(611291830,'Kikelia','Matushevich','F','1962-06-19',60),(615039183,'Terrance','Blazey','M','1961-06-29',61),(615076774,'Vivienne','Jeannenet','F','1995-02-15',27),(615949055,'Rafaelia','Condliffe','F','1973-09-01',48),(619010049,'Taryn','Spurway','F','1999-02-05',23),(619933585,'Kippie','Rabbitts','F','1961-11-30',60),(620077594,'Gianni','Le Sarr','M','1995-04-30',27),(629255756,'Lev','Fritchley','M','1983-01-18',39),(631277985,'Jacquenetta','Ragate','F','1981-04-09',41),(632562308,'Rolland','Chiese','M','1971-08-09',50),(636168978,'Darya','Fidoe','F','1967-01-11',55),(637478680,'Millisent','Willbond','F','1962-12-04',59),(637741884,'Dannie','Skoggins','M','1960-05-31',62),(638367487,'Carrie','Tolussi','F','1966-02-13',56),(639423145,'Alfred','Shave','M','1991-07-10',31),(643940023,'Putnam','Dionisi','M','1993-09-22',28),(647276555,'Mitchael','Downham','M','1992-06-17',30),(648479097,'Marcel','Foulger','M','1978-03-20',44),(651005854,'Shurlock','Bleasdille','M','1965-09-15',56),(657496636,'Dewitt','Craigmile','M','1974-09-16',47),(657566990,'Paulo','Innes','M','1968-08-28',53),(659002132,'Baxter','Griffe','M','1963-07-23',58),(661199946,'Barclay','Fenney','M','1969-01-19',53),(661571664,'Christian','Hawkins','F','1983-01-27',39),(662688907,'Nonie','Kinkaid','F','1985-10-25',36),(669117656,'Truda','Mantripp','F','1965-11-04',56),(669409345,'Alon','Glanvill','M','1973-04-27',49),(670133664,'Fanechka','Alexandrescu','F','1996-09-16',25),(670460110,'Jerry','Hendrick','F','1963-07-03',59),(675128052,'Kordula','Paradin','F','1984-09-16',37),(676735643,'Stillmann','Parlot','M','1981-02-19',41),(679506931,'Leela','Mabon','F','1961-08-04',60),(680156756,'Travus','Fance','M','1965-07-23',56),(681098074,'Twyla','Bickerstasse','F','1968-10-25',53),(685225816,'Christal','Seif','F','1978-11-17',43),(687806902,'Ali','MacKereth','M','1968-01-24',54),(688606089,'Mellisa','Hurton','F','1973-06-06',49),(691650223,'Cassie','Grumble','M','1988-01-09',34),(693007628,'Marcy','Wignall','F','1960-07-10',62),(695939202,'Pren','Filmer','M','1981-10-16',40),(696068759,'Murdock','Becerro','M','1988-10-05',33),(696784867,'Vin','Woolvett','F','1969-02-10',53),(698805260,'Hersh','Gaunson','M','1997-09-22',24),(698983855,'Delcina','Schrei','F','1981-09-30',40),(701904056,'Loria','Cupitt','F','1980-07-17',41),(702155265,'Anestassia','Hallitt','F','1978-06-10',44),(703493261,'Angel','Mehew','M','1965-08-13',56),(711372071,'Gwenette','Neeves','F','1996-07-02',26),(711584827,'Salli','Struis','F','1977-10-13',44),(711717337,'Ki','Hitscher','F','1995-04-14',27),(713726654,'Georgianne','Hawkswood','F','1997-08-13',24),(713816804,'Joachim','Koppel','M','1998-04-04',24),(718921360,'Nevin','Bunyan','M','1990-08-25',31),(719352362,'Robbie','Baunton','M','1983-02-25',39),(719464194,'Crystie','Paprotny','F','1975-07-28',46),(719672756,'Tersina','Biggs','F','1997-11-18',24),(726800426,'Lief','Veldman','M','1961-01-27',61),(727014771,'Enrika','Leggate','F','1994-07-11',28),(729672041,'Gregg','Smeaton','M','1974-08-31',47),(730846205,'Jone','Ocheltree','M','1979-12-01',42),(732977495,'Bradley','Gallard','M','1974-03-17',48),(733784473,'Nola','Roslen','F','1975-04-04',47),(735066753,'Birk','Eyrl','M','1982-01-31',40),(738047447,'Nefen','Tottem','M','1973-11-30',48),(738426122,'Jonis','MacCrann','F','1981-07-26',40),(744112247,'Darrelle','Underdown','F','1988-11-21',33),(745931754,'Natala','Bland','F','1968-11-09',53),(746662000,'Lara','Pether','F','1993-07-05',29),(748128672,'Garvy','Cancutt','M','1999-08-15',22),(752219514,'Lotty','Fache','F','1994-12-03',27),(753586176,'Fielding','Riveles','M','1991-06-04',31),(756645247,'Briano','D\' Angelo','M','1978-02-21',44),(756986030,'Leanna','Alfonsini','F','1974-01-25',48),(757459323,'Clark','Hampstead','M','1969-05-08',53),(757656449,'Ruddy','Bison','M','1984-12-02',37),(757850956,'Flint','Peteri','M','1989-07-06',33),(758700855,'Dannel','Derby','M','1990-09-16',31),(759214632,'Thibaut','Saipy','M','1967-12-14',54),(759492324,'Udell','Kennler','M','1964-07-11',58),(760730840,'Dasi','Chicotti','F','1986-10-06',35),(763214806,'Quintin','Kemmet','M','1996-03-26',26),(768771248,'Kaycee','Scotson','F','1998-10-27',23),(769311592,'Marylee','Wylder','F','1972-11-04',49),(771620230,'Flem','Yurov','M','1989-03-10',33),(773011317,'Jessamyn','Lyman','F','1979-03-06',43),(780090719,'Wolf','Fromant','M','1994-07-24',27),(780315181,'Bjorn','Moran','M','1971-06-03',51),(781354420,'Freedman','Clough','M','1993-04-23',29),(785048132,'Consolata','Robbel','F','1999-02-22',23),(786191894,'Fredelia','Gillis','F','1981-01-28',41),(787538186,'Melonie','Salling','F','1978-06-28',44),(796661107,'Bartlet','Von Der Empten','M','1997-10-29',24),(797472577,'April','Clapson','F','1966-04-14',56),(797659737,'Ernesta','Mungan','F','1975-12-25',46),(798029693,'Tillie','Benstead','F','1995-03-13',27),(799735201,'Roxine','Dreamer','F','1985-03-11',37),(801075637,'Ryann','Emig','F','1989-01-28',33),(801286056,'Say','Stobbe','M','1966-04-11',56),(803564574,'Andree','Trobe','F','1973-08-28',48),(803652708,'Cherice','Foster','F','1961-05-18',61),(804283946,'Koo','Fiddyment','F','1998-12-29',23),(804537094,'Alano','Goulborne','M','1972-08-12',49),(806185876,'Merle','Corrado','F','1964-07-09',58),(807076519,'Ritchie','Dowry','M','1976-10-23',45),(808683899,'Marybeth','Edgcumbe','F','1977-02-28',45),(810585787,'Jed','Howle','M','1962-12-20',59),(810679445,'Ruthi','Jeayes','F','1989-12-24',32),(811029329,'Hartwell','Hargey','M','1978-11-30',43),(814141468,'Yetty','Swetmore','F','1970-06-06',52),(816227363,'Emmalynn','Quirk','F','1982-01-15',40),(818157828,'Virge','Dyke','M','1972-06-06',50),(819877951,'Sharron','Cornelius','F','1984-09-12',37),(823098982,'Lanny','Tichelaar','M','1969-05-12',53),(824296620,'Harrietta','Crippes','F','1979-03-15',43),(825126696,'Yorgos','Rosentholer','M','1970-03-30',52),(827076438,'Monah','Korfmann','F','1991-08-09',30),(829968648,'Hanni','Tunkin','F','1988-08-27',33),(830399493,'Ronnie','McWhin','M','1960-07-30',61),(833819343,'Holli','Pfeifer','F','1996-08-12',25),(837190514,'Torrance','Hanby','M','1964-11-05',57),(837629116,'Felicio','Fri','M','1964-06-03',58),(838777587,'Othello','Burditt','M','1974-03-30',48),(839105322,'Pammi','Chadd','F','1986-05-17',36),(839898927,'Barbi','Legion','F','1988-03-21',34),(843688869,'Valentijn','Kalaher','M','1984-01-28',38),(844172844,'Olva','Didsbury','F','1981-09-04',40),(844429955,'Noe','Bloan','M','1987-06-11',35),(844563847,'Caz','Tinkler','M','1963-11-18',58),(847961094,'Vicki','Sorley','F','1966-10-30',55),(848738137,'Jorgan','Ingon','M','1977-06-01',45),(849890404,'Carmelita','Jeste','F','1964-02-23',58),(850971325,'Bale','Falls','M','1991-04-12',31),(853934416,'Godfrey','Deluce','M','1973-01-29',49),(856973137,'Bertrand','Wittrington','M','1991-04-14',31),(858264732,'Theodore','Feaver','M','1991-10-25',30),(858937688,'Alick','Papps','M','1990-04-07',32),(860090052,'Danell','Shearmur','F','1982-04-20',40),(861207701,'Mozes','Benkin','M','1992-08-06',29),(861949326,'Ezmeralda','Symson','F','1971-11-29',50),(862547433,'Ker','Sirkett','M','1979-06-21',43),(863527302,'Zita','Wetherick','F','1985-01-26',37),(865836858,'Joeann','Bortolozzi','F','1962-04-10',60),(867491749,'Hedi','Izakovitz','F','1974-02-12',48),(868539872,'Aarika','Pavlishchev','F','1981-10-24',40),(869121095,'Hillier','Iacomi','M','1967-12-23',54),(869542085,'Sharia','Tofpik','F','1964-09-18',57),(872057221,'Howard','Buyers','M','1967-12-19',54),(873008177,'Halimeda','Schout','F','1966-11-07',55),(879737235,'Wenda','Ritchie','F','1966-04-03',56),(882642544,'Drucill','Glazyer','F','1975-04-17',47),(884417620,'Vinni','Wharf','F','1966-02-22',56),(887446431,'Richmound','Quinnet','M','1985-05-01',37),(887488672,'Staffard','Overnell','M','1989-01-30',33),(890118964,'Opal','Tomczak','F','1994-02-20',28),(891931794,'Gusella','Lamers','F','1982-06-04',40),(892040412,'Lenci','Chapell','M','1968-08-26',53),(898926199,'Aguie','Plastow','M','1970-06-23',52),(899704468,'Domini','Joskowicz','F','1995-10-31',26),(901120351,'Olly','Hardwich','F','1964-07-14',58),(901565908,'Myrilla','Stear','F','1996-09-24',25),(903473679,'Luisa','Gheorghe','F','1989-07-12',33),(904797388,'Willard','Croser','M','1982-12-01',39),(905203556,'Aline','Rosel','F','1971-04-08',51),(905609037,'Derron','Zorzini','M','1998-10-19',23),(905731226,'Eziechiele','Berk','M','1979-12-02',42),(906654442,'Spike','Bebb','M','1996-07-09',26),(907377333,'Lesli','Larkworthy','F','1982-06-09',40),(908411795,'Ewell','Rounsivall','M','1990-11-09',31),(909885834,'Claudian','Chesworth','M','1971-10-16',50),(909974776,'Vallie','Shier','F','1964-06-25',58),(913451680,'Eberhard','Kernell','M','1976-04-05',46),(914766611,'Beale','Janowski','M','1993-03-28',29),(914811780,'Carolyn','Todman','F','1984-09-13',37),(915431709,'Marena','Bread','F','1978-08-25',43),(917164012,'Skipton','Kettell','M','1982-12-16',39),(918179029,'Irv','Polden','M','1963-01-13',59),(919895623,'Isa','Simcoe','M','1993-12-09',28),(921683669,'Anabella','Schonfelder','F','1988-03-26',34),(921783898,'Lindy','Edmondson','M','1996-08-31',25),(922141386,'Nisse','Beldan','F','1998-06-06',24),(926236523,'Ken','Hedgeley','M','1970-02-03',52),(927888568,'Normand','Piscotti','M','1966-07-05',56),(928211792,'Linc','Chesshire','M','1961-04-24',61),(929534757,'Fanya','Ridhole','F','1987-07-20',34),(929610008,'Lelah','Tugman','F','1985-11-08',36),(930076363,'Annalise','Malkie','F','1983-08-26',38),(930255919,'Darsey','Rubinek','F','1976-01-06',46),(930278090,'Uriel','Winn','M','1976-01-07',46),(933673551,'Carline','Gregoraci','F','1970-07-11',52),(933743267,'Win','Carrington','M','1977-07-12',45),(938045353,'Isaiah','Crock','M','1987-07-23',34),(939056250,'Rianon','Jendas','F','1996-03-24',26),(941638495,'Lisha','Apthorpe','F','1994-06-21',28),(941702697,'Humberto','Turnpenny','M','1979-04-20',43),(944602068,'Ramona','Ovens','F','1963-06-23',59),(946455738,'Barth','Harrad','M','1969-08-31',52),(947298209,'Tim','Pawlicki','M','1967-09-17',54),(947518279,'Tamarah','Gudgin','F','1980-04-11',42),(948565598,'Freemon','Pieracci','M','1968-11-04',53),(949608266,'Lev','Hatrey','M','1972-02-27',50),(956094582,'Kelsi','Jakobsson','F','1961-02-05',61),(956323340,'Maureene','Esmond','F','1977-04-01',45),(958820883,'Drake','Tomaselli','M','1989-09-12',32),(960865182,'Esta','Aindrais','F','1981-03-09',41),(961715206,'Florry','Cheverton','F','1998-08-22',23),(962479448,'Jo','Wesker','F','1979-10-17',42),(962908733,'Willdon','Rankcom','M','1998-12-17',23),(963294963,'Adolf','Seleway','M','1968-06-19',54),(969413907,'Gerrie','Vaan','M','1999-04-26',23),(971026832,'Elisha','Suatt','F','1979-08-14',42),(972240941,'Lela','Meharry','F','1969-03-28',53),(972844056,'Trista','Bendelow','F','1992-03-04',30),(972993942,'Abdel','Powley','M','1975-02-23',47),(976661327,'Wayne','Seviour','M','1999-09-19',22),(978163805,'Shurlock','Dencs','M','1985-02-12',37),(978277307,'Cristina','Jann','F','1969-05-30',53),(978382317,'Howard','Bonsall','M','1972-06-09',50),(981348929,'Clarance','Aves','M','1963-03-13',59),(982696296,'Blakeley','Davion','F','1971-10-29',50),(983732119,'Shirley','Calafate','F','1967-01-07',55),(984130924,'Salomi','Fullard','F','1964-07-07',58),(985268617,'Nataniel','Broomer','M','1970-03-18',52),(985516383,'Brinn','Kivelhan','F','1995-07-14',27),(989738481,'Hazel','Macenzy','M','1995-11-13',26),(990270677,'Dene','Wyse','M','1965-07-23',56),(992438004,'Nat','Linnett','M','1993-09-10',28),(998180092,'Palmer','Olfert','M','1973-09-23',48);
UNLOCK TABLES;

LOCK TABLES `Program` WRITE;
INSERT INTO `Program` VALUES ('Bootstrap','Right-sized global solution','Training'),('BPT','Virtual system-worthy application','Marketing'),('CNS disorders','Synchronised interactive application','Human Resources'),('Computer Network Operations','Optional intermediate flexibility','Support'),('DDI','Assimilated foreground matrices','Legal'),('Direct Mail','Automated real-time local area network','Legal'),('Egyptian Arabic','Implemented coherent complexity','Human Resources'),('EIS','Sharable needs-based secured line','Research and Development'),('Emerging Markets','Face to face bi-directional functionalities','Engineering'),('Epigenetics','Expanded stable core','Human Resources'),('Fine Dining','Profit-focused multi-tasking matrices','Research and Development'),('Google Analytics','Focused impactful collaboration','Services'),('HCS','Automated heuristic adapter','Accounting'),('Kaizen','Digitized object-oriented function','Sales'),('Lyrical','Innovative bifurcated flexibility','Marketing'),('MLA','Vision-oriented empowering software','Research and Development'),('MMC','Reverse-engineered hybrid internet solution','Sales'),('NLTK','Function-based dedicated concept','Marketing'),('Piloting','Proactive incremental hardware','Human Resources'),('PK/PD','Synchronised full-range project','Product Management'),('Procurement Outsourcing','Profound methodical info-mediaries','Research and Development'),('Rail','Profit-focused executive emulation','Human Resources'),('SAP HR','Reverse-engineered radical service-desk','Research and Development'),('Seismic Attributes','Innovative 4th generation strategy','Engineering'),('Sketching','Visionary even-keeled capacity','Product Management'),('Summation iBlaze','Business-focused even-keeled encryption','Sales'),('Supply Chain','Decentralized demand-driven architecture','Human Resources'),('Supply Chain Optimization','Realigned real-time concept','Research and Development'),('UGS','Re-engineered context-sensitive protocol','Engineering'),('Workers Compensation','Synchronised fresh-thinking attitude','Sales');
UNLOCK TABLES;

LOCK TABLES `Executive` WRITE;
INSERT INTO `Executive` VALUES (118716936,'Jacky','O\'Growgane','1998-07-19'),(123087161,'Reiko','D\'eathe','1992-05-18'),(180691157,'Harman','Mumby','1971-06-25'),(236235767,'Duff','Lartice','1992-09-20'),(279699096,'Rube','Birtwistle','1980-05-20'),(289526123,'Katha','Castillou','1981-02-15'),(289976758,'Vanessa','Motion','1993-11-19'),(313257617,'Richard','Vela','1977-01-08'),(314388005,'Konstance','Burn','1996-11-05'),(326712327,'Amandy','Kimberly','1974-08-20'),(340275020,'Alford','Bettinson','1998-01-19'),(349495419,'Prudence','Themann','1964-02-08'),(363930529,'Marcelo','Heads','1981-01-08'),(364484901,'Korney','Jensen','1963-12-30'),(395480347,'Doroteya','Aguilar','1979-02-14'),(401898406,'Filberto','Weathers','2000-02-17'),(401908456,'Delilah','Kensitt','1978-11-16'),(416290392,'Royall','Coundley','1988-08-24'),(422502978,'Carlin','Beardall','1969-02-04'),(441604766,'Eadie','Crighten','1964-07-31'),(473227809,'Amie','Francisco','1996-08-11'),(503971636,'Daisi','Birtchnell','1984-11-06'),(510119923,'Manolo','McCullen','1965-07-27'),(530982208,'Dalenna','Ferrillo','1977-12-27'),(538139644,'Derrik','Tollemache','1963-09-02'),(539804680,'Ferdie','Agius','1996-11-01'),(540038286,'Mahala','Everard','1960-07-01'),(550886897,'Gerri','Blodg','1962-12-17'),(552302058,'Lay','Drysdall','1965-01-10'),(564802005,'Pace','Kendle','1978-02-07'),(649578922,'Gayle','Burnel','1994-04-18'),(664161632,'Doria','Salvin','1998-08-04'),(715962888,'Vinita','Malthouse','1986-03-18'),(733477027,'Doe','Sissons','1993-11-08'),(751455015,'Zachery','Formie','1994-10-29'),(759160687,'Ianthe','Sweed','1975-09-27'),(759928221,'Tadeo','Aers','1984-01-03'),(760009603,'Udell','MacMenamin','1999-10-01'),(775353057,'Dix','Milesop','1977-02-14'),(845024774,'Portie','Rehorek','1993-04-24'),(881756739,'Betty','Lovick','1969-01-24'),(890143564,'Caryn','Gifford','1967-10-08'),(894959691,'Phil','Pomfret','1984-06-22'),(897699666,'Abdel','O\'Doherty','1992-08-11'),(909171909,'Aldric','Oriel','1991-04-27'),(920580413,'Odey','Papen','1994-01-20'),(933674077,'Mariette','Marwick','1980-03-02'),(945254224,'Livvyy','Allibone','1987-10-06'),(977230286,'Karl','Ferrand','1977-08-23'),(980749235,'Moria','Matissoff','1998-10-18');
UNLOCK TABLES;

LOCK TABLES `Organization` WRITE;
INSERT INTO `Organization` VALUES ('Blogpad','ITIC','Esker','Olszyna',74,38197),('Bubblemix','OIA','Banding','Kalijeruk',43,78563),('Buzzbean','VBIV','Graedel','Huangji',1,33340),('Buzzshare','CBMX','Paget','Rokem Barat',90,75650),('Buzzster','LVNTA','Oak','Mina Clavero',91,92556),('Camimbo','ANGO','Monument','Barusuda',76,54007),('Centizu','OMNT','Westerfield','Danderyd',63,34711),('Cogilith','CHSP^A.CL','Maple Wood','Limbaan',100,56413),('Dabfeed','TSLF','Brown','Ichinoseki',38,67863),('Dablist','FKLYU','Banding','Venda',70,27679),('Dabshots','AMPH','Jana','Dadong',33,90452),('Devpoint','HMC','Valley Edge','Umuquena',74,78655),('Dynabox','PKO','Golden Leaf','Ush-Tyube',29,81571),('Feedmix','BLUE','Alpine','Roche Terre',34,14692),('Fivechat','RT','Milwaukee','Yunguyo',92,68306),('Flipopia','BPOPN','Corry','Malanje',98,52045),('Gevee','PYZ','Starling','Töreboda',85,37676),('Innotype','RIBT','Lakeland','Narail',73,92934),('InnoZ','GPC','Coolidge','Warlubie',16,93664),('Jabberstorm','FSBC','Oneill','Cagliari',14,75353),('Jaxworks','CY','Commercial','Dongdai',73,37691),('Layo','EQIX','Bunker Hill','Mobaye',9,24456),('Meedoo','PDFS','Ohio','Cuiabá',20,85825),('Meeveo','JOE','Kedzie','Conduaga',46,87618),('Mycat','AHPAU','Graceland','Vale de Figueira',38,24350),('Myworks','OXY','Larry','Banjar Geriana Kangin',5,16359),('Nlounge','BLDR','Graedel','Daliyuan',3,52042),('Oloo','DMRC','Carioca','Caohe',65,35699),('Oyope','PK','Springs','Izumi',64,38076),('Quaxo','DWLV','Memorial','Yatunpu',77,68776),('Quimm','FNF','Westerfield','Fushan',16,56662),('Quinu','ONCS','Village Green','Nankou',83,36275),('Realblab','XLNX','Starling','Xam Nua',43,22598),('Realbridge','AGU','Lunder','Małkinia Górna',39,66303),('Riffwire','SIG','Hovde','Извор',52,19567),('Shufflester','IDCC','Lakeland','Liupai',5,17070),('Skaboo','MPV','Arkansas','Daja',32,23193),('Skyba','SQM','Prentice','Luwu',23,39429),('Skyndu','JUNO','Eagan','Hushan',34,63126),('Skyvu','KITE','School','Anka',67,98213),('Tazz','TCCA','Northview','Bel Air Rivière Sèche',66,43798),('Thoughtbeat','TPGE.U','Talmadge','Memória',23,73265),('Topiczoom','MBI','Lakewood','Laiguangying',32,52674),('Trupe','OACQW','Orin','Saint Catherine',28,15923),('Twinte','RICE','Dovetail','Svojat',98,64135),('Twitternation','FE','Dunning','Owase',44,80665),('Wordtune','IPDN','Namekagon','Ouricuri',13,67976),('Wordware','AIV^A','Porter','Pyongyang',8,34697),('Yakijo','EXTN','Stone Corner','Cosmópolis',14,42975),('Yodoo','FVC','Gale','Dingle',19,71353);
UNLOCK TABLES;

LOCK TABLES `Corporation` WRITE;
INSERT INTO `Corporation` VALUES ('Dabfeed',603050),('Fivechat',558100),('Gevee',324003),('Jabberstorm',460074),('Meeveo',280015),('Nlounge',637008),('Quaxo',116000),('Realblab',299800),('Skaboo',77208),('Twinte',152000);
UNLOCK TABLES;

LOCK TABLES `Research_Centre` WRITE;
INSERT INTO `Research_Centre` VALUES ('Bubblemix',80542,50429),('Buzzshare',50892,20022),('Centizu',3835,87430),('Cogilith',73801,10586),('Dynabox',13704,40603),('Flipopia',54805,81059),('Innotype',23704,71509),('InnoZ',95807,690069),('Jaxworks',62059,90042),('Layo',30248,20109),('Quimm',30015,93028),('Realbridge',68084,30317),('Shufflester',51014,840002),('Skyba',20154,30127),('Skyndu',608801,970601),('Skyvu',60650,9938),('Tazz',50153,2149),('Trupe',47300,5269),('Wordtune',44701,20293),('Wordware',26705,18072);
UNLOCK TABLES;

LOCK TABLES `University` WRITE;
INSERT INTO `University` VALUES ('Blogpad',80343),('Buzzbean',12090),('Buzzster',10061),('Camimbo',50702),('Dablist',46026),('Dabshots',10408),('Devpoint',84800),('Feedmix',93050),('Meedoo',57630),('Mycat',92730),('Myworks',30675),('Oloo',12064),('Oyope',90863),('Quinu',15008),('Riffwire',4372),('Thoughtbeat',63029),('Topiczoom',65000),('Twitternation',23603),('Yakijo',23601),('Yodoo',76006);
UNLOCK TABLES;

LOCK TABLES `Project` WRITE;
INSERT INTO `Project` VALUES ('Aerified','Ergonomic uniform flexibility',452200.92,'2021-02-01','2022-12-18','PK/PD','Fivechat',920580413,921783898,685),('Ally','Vision-oriented fresh-thinking conglomeration',5000930.23,'2022-04-12','2022-09-03','CNS disorders','Buzzster',759160687,909974776,144),('Alpha','Configurable foreground strategy',83703.9,'2021-10-08','2023-10-03','PK/PD','Yodoo',118716936,879737235,725),('Andalax','Ameliorated even-keeled open system',650087.09,'2020-05-15','2023-07-26','SAP HR','Yodoo',881756739,926236523,1167),('Asoka','Public-key methodical definition',70055.93,'2020-05-04','2024-01-23','Egyptian Arabic','Yodoo',649578922,899704468,1359),('Axxy','Advanced value-added Graphic Interface',810091.56,'2020-06-21','2022-06-21','Rail','Yodoo',715962888,312330283,730),('Bam','Multi-tiered modular conglomeration',855006.54,'2022-03-16','2023-05-30','BPT','Quaxo',236235767,962908733,440),('Bamity','Mandatory didactic strategy',800055.67,'2020-08-06','2022-12-05','BPT','Yodoo',920580413,719352362,851),('Bigtax','Phased 4th generation throughput',360003.79,'2020-03-28','2022-06-03','CNS disorders','Yodoo',564802005,961715206,797),('Bitch','Face to face foreground intranet',790067.45,'2022-03-26','2023-08-24','MMC','Skyndu',760009603,757656449,516),('Bitchip','Ameliorated foreground standardization',450020.84,'2020-04-23','2023-03-14','Rail','Meedoo',314388005,773011317,1055),('Bojy','Proactive directional Graphical User Interface',481000.62,'2021-09-14','2023-06-10','Epigenetics','Centizu',909171909,797472577,634),('Bora','Seamless stable intranet',269900.37,'2020-11-06','2023-08-27','Supply Chain','Yodoo',945254224,930278090,1024),('Breeze','Optimized systemic concept',835009.02,'2021-01-05','2023-06-26','Google Analytics','Trupe',510119923,254361341,902),('Cardi','Realigned bi-directional structure',71000.62,'2020-12-02','2022-07-15','Summation iBlaze','Quinu',540038286,255050607,590),('Cardify','Distributed user-facing emulation',700189.66,'2020-03-13','2023-05-21','PK/PD','Layo',733477027,301210242,1164),('Cookley','Visionary 3rd generation forecast',120092.03,'2019-10-02','2022-11-04','UGS','Jaxworks',664161632,803652708,1129),('Daltfresh','Front-line needs-based framework',340001.09,'2020-12-30','2022-07-25','Bootstrap','Blogpad',664161632,892040412,572),('Do','Reactive fault-tolerant task-force',790061.86,'2022-01-05','2022-08-03','Fine Dining','Trupe',340275020,284473410,210),('Doma','Balanced actuating forecast',790077.06,'2021-04-04','2023-05-10','Rail','Tazz',503971636,956094582,766),('Duobam','Visionary zero defect array',933005.92,'2020-08-09','2023-03-27','Sketching','Trupe',473227809,113967837,960),('Espan','Upgradable executive software',7154.33,'2021-02-23','200023-10-03','CNS disorders','Trupe',326712327,531608289,952),('Ex','Assimilated full-range instruction set',500028.19,'2019-10-21','2023-06-04','BPT','Feedmix',395480347,425664895,1322),('Fintone','Seamless 5th generation projection',406003.1,'2021-01-01','2023-12-16','Fine Dining','Wordware',289976758,218482891,1079),('Fixflex','Multi-tiered 24/7 monitoring',220904.22,'2020-07-08','2022-11-09','Workers Compensation','Trupe',894959691,661199946,854),('Flex','Quality-focused bi-directional moratorium',590002.12,'2021-09-04','2023-02-17','Lyrical','Dabshots',422502978,547392743,531),('Foxy','Grass-roots needs-based workforce',850054.77,'2021-06-30','2023-01-08','Summation iBlaze','Trupe',401908456,941702697,557),('Gembucket','Advanced local artificial intelligence',841000.59,'2021-05-31','2023-08-29','Sketching','Flipopia',890143564,905609037,820),('Goma','Switchable non-volatile website',180088.56,'2020-06-09','2023-03-15','PK/PD','Trupe',422502978,719672756,1009),('Gram','Fully-configurable regional emulation',427004.17,'2021-08-07','2023-01-04','CNS disorders','Meeveo',401898406,539195125,515),('Green','Decentralized multi-state superstructure',176007.7,'2021-10-10','2023-07-05','Egyptian Arabic','Dabshots',977230286,324038069,633),('Greenlam','Function-based multimedia leverage',293300.26,'2021-01-17','2023-11-20','Google Analytics','Trupe',503971636,379017655,1037),('Happy','Decentralized national installation',380092.13,'2021-04-21','2023-05-08','Emerging Markets','Trupe',751455015,595573445,747),('Has','Distributed real-time algorithm',892008.98,'2021-01-22','2023-09-17','Rail','Meedoo',759160687,218659401,968),('Hasty','Organic fault-tolerant concept',283004.73,'2020-07-13','2022-11-25','Lyrical','Trupe',733477027,450654924,865),('Hatity','Proactive 24/7 hardware',880059.7,'2020-08-10','2023-02-22','Lyrical','Trupe',364484901,393970585,926),('Hold','Up-sized asynchronous database',532005.08,'2019-06-25','2023-05-28','Lyrical','Trupe',980749235,411512776,1433),('Holdlamis','Fully-configurable systematic project',180021.95,'2022-01-26','2023-03-06','Supply Chain Optimization','Shufflester',314388005,861207701,404),('It','Vision-oriented bottom-line focus group',266004.97,'2020-08-12','2024-03-02','HCS','Bubblemix',649578922,536130872,1298),('Job','Cross-group zero tolerance hardware',985000.12,'2021-03-25','2023-01-26','Supply Chain','Trupe',416290392,797472577,672),('Kaneloni','Open-source web-enabled parallelism',928001.2,'2020-01-18','2024-03-18','HCS','Yakijo',279699096,550209090,1521),('Kanlam','Integrated leading edge structure',548002.36,'2021-05-06','2024-02-24','HCS','Quinu',349495419,797659737,1024),('Key','Ergonomic motivating circuit',300262,'2021-07-12','2024-01-04','Procurement Outsourcing','Riffwire',715962888,843688869,906),('Keylex','Visionary encompassing utilisation',600469.07,'2021-12-17','2022-05-27','Fine Dining','Trupe',180691157,956323340,161),('Kon','Mandatory multimedia framework',930033.47,'2021-11-02','2022-12-20','PK/PD','Quaxo',977230286,581286603,413),('Konklux','Automated real-time open architecture',360079.1,'2021-07-04','2023-01-22','Supply Chain','Tazz',945254224,680156756,567),('Kora','Expanded 4th generation paradigm',173000.78,'2021-07-23','2023-06-12','Piloting','Yakijo',401908456,595573445,689),('Lamda','Multi-layered next generation moderator',194001.47,'2020-07-16','2023-12-03','Epigenetics','Buzzbean',538139644,253890084,1235),('Lamfixy','User-friendly user-facing functionalities',700022.94,'2020-02-13','2024-02-20','Procurement Outsourcing','Trupe',441604766,732977495,1468),('Latlux','Persevering scalable time-frame',248007.95,'2021-01-17','2022-05-23','Google Analytics','Trupe',326712327,182504783,491),('Lex','Expanded attitude-oriented attitude',400088.48,'2021-04-06','2024-01-01','Kaizen','Thoughtbeat',881756739,290556637,1000),('Local','Persevering reciprocal flexibility',102004,'2021-09-07','2023-06-23','Bootstrap','Realbridge',416290392,914811780,654),('Lotlux','Progressive neutral array',924008.61,'2020-05-15','2022-05-31','Lyrical','Yodoo',401898406,162020835,746),('Lotstring','Multi-channelled secondary circuit',220096.17,'2022-01-20','2024-03-17','Direct Mail','Topiczoom',845024774,534630913,787),('Mat Lam Tam','Digitized foreground task-force',377006.69,'2021-12-27','2023-11-10','Lyrical','Yodoo',933674077,824296620,683),('Matsoft','Implemented well-modulated paradigm',927006.95,'2022-04-14','2024-03-21','Bootstrap','Fivechat',539804680,131452438,707),('Mitty','Seamless disintermediate policy',100807.32,'2020-03-10','2022-09-05','Rail','Yakijo',180691157,318486350,909),('Nam','User-centric maximized encryption',810092.31,'2022-03-22','2022-06-10','SAP HR','Trupe',363930529,600200421,80),('Namfix','Persevering radical Graphical User Interface',541008.56,'2020-09-19','2022-09-02','DDI','Yodoo',890143564,107808679,713),('Ntrax','Virtual fresh-thinking access',450069.67,'2021-02-26','2022-07-20','Epigenetics','Quaxo',364484901,268611389,509),('Oba','Function-based explicit collaboration',275005.93,'2021-06-26','2024-04-26','CNS disorders','InnoZ',550886897,873008177,1035),('Obama','Re-engineered maximized service-desk',                 710084.47,'2019-11-07','2023-07-13','Lyrical','Yodoo',552302058,901565908,1344),('Olowarm','Public-key fault-tolerant attitude',256006.7,'2022-04-15','2023-07-21','EIS','Trupe',759928221,325396893,462),('Otcom','Optional upward-trending synergy',1585.97,'2021-04-22','2023-05-18','Fine Dining','Yodoo',845024774,333656648,756),('Pancake','Mandatory attitude-oriented hub',120005.51,'2021-01-28','2023-10-23','Piloting','Yodoo',349495419,312796281,998),('Prodder','Upgradable bifurcated infrastructure',881001.98,'2021-04-23','2023-06-30','CNS disorders','Yodoo',540038286,756645247,798),('Pura','Pre-emptive upward-trending capability',291200.1,'2020-07-14','2024-05-17','EIS','Blogpad',340275020,962908733,1403),('Rompa','Customizable 24 hour methodology',800005.83,'2022-02-10','2022-09-06','BPT','Bubblemix',473227809,906654442,208),('Sanzap','Devolved system-worthy frame',620000.22,'2020-02-22','2022-08-14','Emerging Markets','Centizu',313257617,412639087,904),('Saucse','Monitored clear-thinking help-desk',450003.26,'2021-01-12','2024-04-06','Procurement Outsourcing','Topiczoom',289526123,860090052,1180),('Soft','Inverse optimal application',227006.39,'2020-06-17','2023-04-11','BPT','Oyope',775353057,253890084,1028),('Solarbreeze','Mandatory 4th generation parallelism',485900.98,'2020-11-13','2023-07-07','Direct Mail','Yodoo',897699666,241168607,966),('Sonair','Compatible well-modulated function',454000.08,'2021-08-02','2022-11-27','Bootstrap','Dabfeed',441604766,533148441,482),('Sonsing','Integrated holistic parallelism',6377.92,'2020-03-19','2023-10-21','Rail','Trupe',236235767,488514815,1311),('Span','Reactive system-worthy pricing structure',873100.11,'2020-11-29','2023-09-29','Kaizen','Flipopia',564802005,982696296,1034),('Spanaki','Fully-configurable fresh-thinking application',903200.55,'2022-02-14','2022-09-04','PK/PD','Skyba',751455015,905203556,202),('Stim','Pre-emptive mobile challenge',192000.27,'2022-02-23','2022-10-08','NLTK','Layo',760009603,131452438,227),('Stone','Optional mission-critical process improvement',130700.1,'2019-09-14','2022-06-05','MLA','Oloo',530982208,449408395,995),('Strong','Distributed upward-trending instruction set',727400.48,'2019-08-29','2023-03-01','PK/PD','Skyndu',539804680,110901426,1280),('Stronghold','Managed secondary orchestration',655300.27,'2021-10-05','2024-05-03','Lyrical','Yodoo',279699096,169581396,941),('Sub','Profit-focused reciprocal archive',424004.82,'2020-06-04','2022-12-29','Computer Network Operations','InnoZ',897699666,212097193,938),('Sub-Ex','Multi-channelled didactic monitoring',917009.9,'2021-09-16','2023-05-23','Supply Chain Optimization','Yodoo',909171909,547392743,614),('Subin','Multi-channelled client-driven customer loyalty',830094.36,'2020-01-15','2022-07-06','Fine Dining','Wordware',980749235,860090052,903),('Tammy','Synergized explicit middleware',617600,'2020-07-11','2022-10-25','Bootstrap','Dabshots',118716936,976661327,836),('Tamp','Multi-tiered real-time algorithm',517001.86,'2019-10-16','2022-06-24','SAP HR','Oloo',363930529,262433045,982),('Tampflex','Compatible object-oriented product',750076.01,'2021-05-30','2023-07-21','Sketching','Trupe',550886897,629255756,782),('Tempsoft','Switchable solution-oriented encryption',455000.45,'2020-06-24','2023-12-09','Direct Mail','Mycat',894959691,949608266,1263),('Tin','Ameliorated high-level model',758004.73,'2021-09-05','2022-07-30','Kaizen','Yodoo',552302058,598018155,328),('Touchily','Assimilated multimedia methodology',340700.53,'2021-07-03','2024-04-24','Rail','Trupe',289526123,929610008,1026),('Treap','Reactive empowering moratorium',930020.96,'2020-12-26','2023-04-09','BPT','Trupe',530982208,969413907,834),('Treeflex','Vision-oriented dynamic methodology',730072.74,'2020-10-27','2023-03-19','DDI','Trupe',759928221,729672041,873),('Trippledex','Operative next generation groupware',5554.83,'2021-07-24','2024-04-07','Epigenetics','Dynabox',123087161,969413907,988),('Vagram','Function-based optimizing knowledge base',911005.17,'2021-12-01','2023-11-30','Kaizen','Yodoo',538139644,887446431,729),('Vento','Optimized human-resource orchestration',1144.67,'2020-03-10','2023-03-20','Summation iBlaze','Cogilith',289976758,984130924,1105),('Ventosanzap','Face to face homogeneous productivity',99006.21,'2020-07-03','2023-01-13','EIS','Yodoo',123087161,366520413,924),('Voyatouch','Inverse homogeneous matrices',540006.35,'2020-05-22','2022-06-05','Epigenetics','Trupe',775353057,867491749,744),('Y-Solowarm','Compatible foreground help-desk',390047.51,'2019-12-10','2024-05-21','SAP HR','Trupe',313257617,113469608,1624),('Zon','Configurable uniform alliance',900398.7,'2021-01-31','2022-10-15','Sketching','Yodoo',510119923,417335664,622),('Zontrax','Streamlined zero administration help-desk',619900.33,'2022-01-07','2022-11-19','CNS disorders','Yodoo',395480347,869542085,316),('Zoolab','Quality-focused methodical local area network',200040.98,'2019-09-16','2023-09-25','Workers Compensation','Myworks',933674077,898926199,1470);
UNLOCK TABLES;

LOCK TABLES `Deliverable` WRITE;
INSERT INTO `Deliverable` VALUES ('Andalax','Otcom','Visionary mobile frame','2022-08-28'),('Asoka','Mat Lam Tam','Team-oriented fresh-thinking info-mediaries','2021-08-31'),('Bigtax','Asoka','Intuitive dynamic project','2022-05-26'),('Cardguard','Vagram','Universal neutral Graphic Interface','2021-11-14'),('Cookley','Mat Lam Tam','Innovative homogeneous migration','2022-07-22'),('Daltfresh','Bora','Stand-alone leading edge extranet','2022-01-21'),('Domainer','Sub-Ex','Phased regional attitude','2021-10-31'),('Fix San','Bora','Extended zero tolerance matrices','2022-09-05'),('Flexidy','Ventosanzap','Streamlined empowering methodology','2022-05-18'),('Flowdesk','Bigtax','Monitored empowering framework','2021-09-11'),('It','Zon','Cross-group full-range help-desk','2022-07-17'),('Job','Prodder','Visionary bi-directional implementation','2021-07-29'),('Keylex','Lotlux','Programmable multi-state analyzer','2022-05-15'),('Konklux','Stronghold','Optimized dedicated neural-net','2021-06-29'),('Lotlux','Asoka','Streamlined bifurcated model','2021-10-03'),('Mat Lam Tam','Zontrax','Decentralized encompassing artificial intelligence','2021-06-14'),('Matsoft','Otcom','Synchronised intangible workforce','2022-06-09'),('Namfix','Keylex','Streamlined systemic architecture','2021-10-14'),('Rank','Zon','Profound next generation array','2022-04-24'),('Regrant','Solarbreeze','Pre-emptive multi-state process improvement','2022-10-12'),('Span','Alpha','Phased incremental utilisation','2022-06-07'),('Stronghold','Job','Upgradable neutral toolset','2022-02-24'),('Sub-Ex','Namfix','Reverse-engineered zero defect interface','2022-01-25'),('Temp','Andalax','Profound zero tolerance help-desk','2021-08-22'),('Tempsoft','Bamity','Integrated contextually-based definition','2021-08-20'),('Toughjoyfax','Stronghold','Digitized coherent hierarchy','2021-10-27'),('Transcof','Sub-Ex','Triple-buffered content-based array','2022-06-25'),('Voyatouch','Zontrax','Fundamental bandwidth-monitored alliance','2022-09-12'),('Zaam-Dox','Axxy','Vision-oriented empowering functionalities','2021-12-29');
UNLOCK TABLES;

LOCK TABLES `Evaluation` WRITE;
INSERT INTO `Evaluation` VALUES ('Aerified',334739920,'2022-12-18',3),('Ally',263938903,'2022-09-03',2),('Alpha',600484843,'2023-10-03',7),('Andalax',787538186,'2023-07-26',1),('Asoka',569164711,'2024-01-23',4),('Axxy',434950618,'2022-06-21',6),('Bam',904797388,'2023-05-30',3),('Bamity',972993942,'2022-12-05',6),('Bigtax',295147450,'2022-06-03',8),('Bitch',702155265,'2023-08-24',5),('Bitchip',956094582,'2023-03-14',6),('Bojy',217562400,'2023-06-10',6),('Bora',253835352,'2023-08-27',6),('Breeze',549857717,'2023-06-26',2),('Cardi',218659401,'2022-07-15',6),('Cardify',365060018,'2023-05-21',7),('Cookley',360553291,'2022-11-04',2),('Daltfresh',922141386,'2022-07-25',9),('Do',203867017,'2022-08-03',3),('Doma',451484123,'2023-05-10',3),('Duobam',844429955,'2023-03-27',2),('Espan',909885834,'2023-10-03',6),('Ex',862547433,'2023-06-04',6),('Fintone',208639472,'2023-12-16',8),('Fixflex',608578482,'2022-11-09',7),('Flex',760730840,'2023-02-17',10),('Foxy',590120783,'2023-01-08',6),('Gembucket',609301126,'2023-08-29',3),('Goma',615076774,'2023-03-15',9),('Gram',949608266,'2023-01-04',5),('Green',711717337,'2023-07-05',7),('Greenlam',568661986,'2023-11-20',5),('Happy',853934416,'2023-05-08',10),('Has',847961094,'2023-09-17',8),('Hasty',759492324,'2022-11-25',4),('Hatity',311003622,'2023-02-22',10),('Hold',214698015,'2023-05-28',4),('Holdlamis',218482891,'2023-03-06',9),('It',303035823,'2024-03-02',9),('Job',558469896,'2023-01-26',5),('Kaneloni',567960477,'2024-03-18',5),('Kanlam',553289194,'2024-02-24',2),('Key',972240941,'2024-01-04',6),('Keylex',365243038,'2022-05-27',4),('Kon',449353640,'2022-12-20',2),('Konklux',596084212,'2023-01-22',4),('Kora',446156418,'2023-06-12',7),('Lamda',507507772,'2023-12-03',4),('Lamfixy',696068759,'2024-02-20',8),('Latlux',241072762,'2022-05-23',9),('Lex',780090719,'2024-01-01',4),('Local',860090052,'2023-06-23',2),('Lotlux',244646921,'2022-05-31',5),('Lotstring',865836858,'2024-03-17',4),('Mat Lam Tam',440130331,'2023-11-10',5),('Matsoft',485258758,'2024-03-21',10),('Mitty',903473679,'2022-09-05',5),('Nam',933743267,'2022-06-10',9),('Namfix',316157156,'2022-09-02',4),('Ntrax',869121095,'2022-07-20',8),('Oba',810585787,'2024-04-26',8),('Obama',844172844,'2023-07-13',10),('Olowarm',345843692,'2023-07-21',10),('Otcom',305658268,'2023-05-18',4),('Pancake',545398998,'2023-10-23',2),('Prodder',972844056,'2023-06-30',5),('Pura',419964385,'2024-05-17',5),('Rompa',325054182,'2022-09-06',3),('Sanzap',325396893,'2022-08-14',4),('Saucse',509045260,'2024-04-06',8),('Soft',563909882,'2023-04-11',6),('Solarbreeze',594813433,'2023-07-07',4),('Sonair',257916140,'2022-11-27',3),('Sonsing',225373343,'2023-10-21',4),('Span',759214632,'2023-09-29',10),('Spanaki',698805260,'2022-09-04',10),('Stim',746662000,'2022-10-08',1),('Stone',711372071,'2022-06-05',4),('Strong',460808346,'2023-03-01',8),('Stronghold',730846205,'2024-05-03',8),('Sub',681098074,'2022-12-29',7),('Sub-Ex',786191894,'2023-05-23',9),('Subin',861949326,'2022-07-06',6),('Tammy',481961313,'2022-10-25',5),('Tamp',858264732,'2022-06-24',8),('Tampflex',379911894,'2023-07-21',5),('Tempsoft',567883549,'2023-12-09',6),('Tin',637741884,'2022-07-30',4),('Touchily',887488672,'2024-04-24',3),('Treap',426587562,'2023-04-09',1),('Treeflex',906654442,'2023-03-19',9),('Trippledex',669409345,'2024-04-07',2),('Vagram',524757851,'2023-11-30',8),('Vento',657566990,'2023-03-20',9),('Ventosanzap',213368307,'2023-01-13',4),('Voyatouch',998180092,'2022-06-05',7),('Y-Solowarm',313273391,'2024-05-21',9),('Zon',753586176,'2022-10-15',4),('Zontrax',502871834,'2022-11-19',5),('Zoolab',796661107,'2023-09-25',8);
UNLOCK TABLES;

LOCK TABLES `Field` WRITE;
INSERT INTO `Field` VALUES ('Computer Science','Ally'),('Computer Science','Alpha'),('Computer Science','Andalax'),('Computer Science','Asoka'),('Computer Science','Axxy'),('Computer Science','Bamity'),('Computer Science','Bora'),('Computer Science','Cardify'),('Computer Science','Cookley'),('Computer Science','Fintone'),('Computer Science','Foxy'),('Computer Science','Green'),('Computer Science','Hold'),('Computer Science','Nam'),('Computer Science','Namfix'),('Computer Science','Prodder'),('Computer Science','Sanzap'),('Computer Science','Solarbreeze'),('Computer Science','Sonair'),('Computer Science','Spanaki'),('Computer Science','Strong'),('Computer Science','Stronghold'),('Computer Science','Touchily'),('Computer Science','Treap'),('Energy','Bam'),('Energy','Bigtax'),('Energy','Daltfresh'),('Energy','Do'),('Energy','Ex'),('Energy','Has'),('Energy','Hatity'),('Energy','Key'),('Energy','Keylex'),('Energy','Local'),('Energy','Nam'),('Energy','Vento'),('Energy','Zontrax'),('Engineering','Aerified'),('Engineering','Alpha'),('Engineering','Asoka'),('Engineering','Bamity'),('Engineering','Bitch'),('Engineering','Bojy'),('Engineering','Cookley'),('Engineering','Ex'),('Engineering','Fixflex'),('Engineering','Goma'),('Engineering','Hasty'),('Engineering','Kanlam'),('Engineering','Keylex'),('Engineering','Kon'),('Engineering','Mitty'),('Engineering','Namfix'),('Engineering','Obama'),('Engineering','Prodder'),('Engineering','Pura'),('Engineering','Stim'),('Engineering','Stronghold'),('Engineering','Sub-Ex'),('Engineering','Subin'),('Engineering','Treeflex'),('Engineering','Voyatouch'),('Engineering','Y-Solowarm'),('Engineering','Zoolab'),('Environmental','Gembucket'),('Environmental','Gram'),('Environmental','Happy'),('Environmental','Latlux'),('Environmental','Lex'),('Environmental','Lotstring'),('Environmental','Ntrax'),('Environmental','Oba'),('Environmental','Pancake'),('Environmental','Saucse'),('Environmental','Solarbreeze'),('Environmental','Sub-Ex'),('Environmental','Ventosanzap'),('Environmental','Voyatouch'),('Environmental','Zon'),('Environmental','Zontrax'),('History','Ally'),('History','Asoka'),('History','Axxy'),('History','Bigtax'),('History','Bora'),('History','Do'),('History','Doma'),('History','Holdlamis'),('History','Kon'),('History','Konklux'),('History','Lamda'),('History','Lamfixy'),('History','Lotlux'),('History','Otcom'),('History','Sonsing'),('History','Stone'),('History','Tampflex'),('History','Touchily'),('History','Treeflex'),('History','Vagram'),('History','Ventosanzap'),('Math','Andalax'),('Math','Bamity'),('Math','Bitch'),('Math','Breeze'),('Math','Cardi'),('Math','Espan'),('Math','Fixflex'),('Math','Flex'),('Math','Greenlam'),('Math','Hatity'),('Math','Hold'),('Math','Kaneloni'),('Math','Lotlux'),('Math','Otcom'),('Math','Span'),('Math','Tin'),('Math','Vagram'),('Math','Vento'),('Math','Y-Solowarm'),('Math','Zon'),('Recycling','Alpha'),('Recycling','Bigtax'),('Recycling','Bitchip'),('Recycling','Duobam'),('Recycling','Foxy'),('Recycling','Happy'),('Recycling','Hasty'),('Recycling','It'),('Recycling','Job'),('Recycling','Kaneloni'),('Recycling','Kora'),('Recycling','Lamfixy'),('Recycling','Mat Lam Tam'),('Recycling','Matsoft'),('Recycling','Olowarm'),('Recycling','Prodder'),('Recycling','Rompa'),('Recycling','Soft'),('Recycling','Solarbreeze'),('Recycling','Stronghold'),('Recycling','Sub'),('Recycling','Tammy'),('Recycling','Tamp'),('Recycling','Trippledex'),('Recycling','Zontrax'),('Recycling','Zoolab'),('Sports','Andalax'),('Sports','Duobam'),('Sports','Greenlam'),('Sports','Job'),('Sports','Latlux'),('Sports','Mat Lam Tam'),('Sports','Pancake'),('Sports','Sonsing'),('Sports','Tampflex'),('Sports','Tempsoft'),('Sports','Tin'),('Sports','Treap'),('Sports','Ventosanzap');
UNLOCK TABLES;

LOCK TABLES `Phone` WRITE;
INSERT INTO `Phone` VALUES ('Blogpad',6911154319),('Blogpad',6952585926),('Bubblemix',6922347025),('Bubblemix',6940431836),('Buzzbean',6908115534),('Buzzbean',6945899028),('Buzzshare',6919839892),('Buzzshare',6967206419),('Buzzster',6987601861),('Buzzster',6998195625),('Camimbo',6941319739),('Camimbo',6968744377),('Centizu',6979958870),('Centizu',6985199047),('Cogilith',6900942157),('Cogilith',6915007099),('Dabfeed',6951879189),('Dabfeed',6973302407),('Dablist',6977428755),('Dablist',6986203586),('Dabshots',6940262628),('Dabshots',6957307549),('Devpoint',6971496319),('Devpoint',6977532350),('Dynabox',6919963469),('Dynabox',6951896480),('Feedmix',6958074267),('Feedmix',6980467946),('Fivechat',6908810192),('Fivechat',6926762652),('Flipopia',6951175257),('Flipopia',6958915414),('Gevee',6900050540),('Gevee',6959743161),('Innotype',6904599352),('Innotype',6944228525),('InnoZ',6912346270),('InnoZ',6955019033),('Jabberstorm',6942373857),('Jabberstorm',6954003085),('Jaxworks',6960082753),('Jaxworks',6982845049),('Layo',6927819292),('Layo',6974303673),('Meedoo',6904859767),('Meedoo',6929320606),('Meeveo',6929923283),('Meeveo',6983672661),('Mycat',6986525948),('Mycat',6991310988),('Myworks',6940658622),('Myworks',6991938894),('Nlounge',6960692693),('Nlounge',6969338991),('Oloo',6936374654),('Oloo',6941512053),('Oyope',6915623988),('Oyope',6949408949),('Quaxo',6903773915),('Quaxo',6997501700),('Quimm',6915207609),('Quimm',6925805427),('Quinu',6983660743),('Quinu',6990987577),('Realblab',6901356889),('Realblab',6970899721),('Realbridge',6905236325),('Realbridge',6910193417),('Riffwire',6918010106),('Riffwire',6942140972),('Shufflester',6903739203),('Shufflester',6954686107),('Skaboo',6910786525),('Skaboo',6951394686),('Skyba',6929801029),('Skyba',6985211607),('Skyndu',6956970219),('Skyndu',6974686516),('Skyvu',6923516970),('Skyvu',6956913838),('Tazz',6904100736),('Tazz',6914823841),('Thoughtbeat',6927099272),('Thoughtbeat',6991618654),('Topiczoom',6916686721),('Topiczoom',6946948853),('Trupe',6953539315),('Trupe',6981401925),('Twinte',6942952008),('Twinte',6950052465),('Twitternation',6911938334),('Twitternation',6957035020),('Wordtune',6913197149),('Wordtune',6959770307),('Wordware',6973801658),('Wordware',6980004387),('Yakijo',6935791713),('Yakijo',6998752090),('Yodoo',6949345055),('Yodoo',6996326523);
UNLOCK TABLES;

LOCK TABLES `Works_for` WRITE;
INSERT INTO `Works_for` VALUES (106865131,'Wordtune','2022-03-28'),(107808679,'Yodoo','2018-09-12'),(110239664,'Trupe','2020-01-26'),(110245985,'Yodoo','2020-11-13'),(110901426,'Tazz','2021-05-20'),(113276554,'Quaxo','2021-05-31'),(113469608,'Trupe','2018-11-05'),(113967837,'Trupe','2018-11-05'),(116611664,'Wordware','2020-06-22'),(117639602,'Buzzbean','2020-01-28'),(117792351,'Realblab','2020-04-09'),(120915053,'Twinte','2020-07-07'),(127087312,'Dynabox','2021-09-22'),(127975324,'Dabfeed','2019-08-10'),(131452438,'Yakijo','2021-12-14'),(133323919,'Oyope','2021-11-01'),(141689804,'Buzzster','2021-08-04'),(144798190,'Jaxworks','2021-09-09'),(147142660,'Riffwire','2020-06-27'),(150084003,'Yodoo','2019-07-11'),(152728391,'Quimm','2020-04-05'),(156144263,'Wordware','2021-12-19'),(158198551,'Trupe','2021-03-07'),(159051828,'Buzzshare','2021-06-09'),(160817873,'Camimbo','2022-03-02'),(162020835,'Yodoo','2018-09-12'),(167674518,'Skyvu','2022-02-24'),(168561988,'Innotype','2021-03-10'),(169581396,'Yodoo','2018-09-12'),(176684121,'Meeveo','2020-08-11'),(179118970,'Oyope','2019-08-25'),(181044625,'Quaxo','2021-11-21'),(182245788,'Bubblemix','2020-08-05'),(182504783,'Trupe','2018-11-05'),(184292650,'Twinte','2021-01-08'),(194382586,'Yodoo','2021-08-17'),(197512098,'Cogilith','2022-03-18'),(198005001,'Buzzshare','2020-08-13'),(198401169,'Layo','2022-02-27'),(198556938,'Wordtune','2021-02-19'),(203101866,'Dablist','2021-03-03'),(207000545,'Shufflester','2021-08-25'),(209539044,'Fivechat','2019-10-10'),(210020898,'Wordware','2021-05-08'),(212097193,'Topiczoom','2021-12-22'),(213239550,'Dynabox','2020-04-13'),(214580592,'Topiczoom','2019-08-26'),(215811703,'Meeveo','2021-04-07'),(218529625,'Innotype','2020-06-14'),(221637500,'Jabberstorm','2019-08-14'),(221762317,'Myworks','2022-02-22'),(222291272,'Realblab','2020-02-01'),(227211503,'Dynabox','2021-05-21'),(233097413,'Shufflester','2022-01-26'),(233923730,'Twinte','2021-12-26'),(236577927,'Dynabox','2021-04-13'),(236686717,'Quaxo','2019-08-28'),(239662336,'Meedoo','2020-01-13'),(241168607,'Yodoo','2018-09-12'),(246784223,'Oloo','2021-02-07'),(246892084,'InnoZ','2020-04-03'),(247136082,'Devpoint','2020-01-29'),(249876352,'Oloo','2020-12-02'),(253157981,'Buzzbean','2022-01-11'),(253890084,'Yodoo','2022-02-03'),(254361341,'Oyope','2021-05-09'),(254922337,'Oyope','2021-12-17'),(255050607,'Skyba','2020-06-28'),(258075884,'Dabshots','2020-03-17'),(259890229,'Quaxo','2021-01-26'),(260019359,'Realbridge','2021-04-04'),(261026010,'Jabberstorm','2020-03-29'),(262433045,'Feedmix','2020-10-04'),(268556966,'Meedoo','2020-03-21'),(268611389,'Meeveo','2021-12-24'),(268928959,'Trupe','2020-03-11'),(272472034,'Realblab','2021-02-19'),(273714828,'Meedoo','2020-02-06'),(274595363,'Buzzbean','2020-01-19'),(278842221,'Realbridge','2021-03-18'),(283004998,'Riffwire','2021-10-22'),(284473410,'Trupe','2018-11-05'),(285509379,'Dablist','2019-11-08'),(285831103,'Dabshots','2021-06-29'),(287782913,'Wordware','2022-01-08'),(288481030,'InnoZ','2022-02-04'),(290556637,'Cogilith','2022-02-21'),(298639540,'Cogilith','2021-06-19'),(299166765,'Bubblemix','2019-07-21'),(301210242,'Tazz','2021-10-07'),(301813810,'Flipopia','2021-11-12'),(302319168,'Meedoo','2021-09-11'),(307769044,'Twitternation','2020-07-22'),(312330283,'Yodoo','2018-09-12'),(312796281,'Yodoo','2018-09-12'),(318486350,'Riffwire','2020-03-02'),(322019969,'Bubblemix','2021-01-04'),(324038069,'Layo','2020-05-22'),(328782700,'Fivechat','2020-05-22'),(332060353,'Buzzster','2020-07-26'),(333656648,'Yodoo','2018-09-12'),(341700862,'Meedoo','2022-02-10'),(343206970,'Realbridge','2020-11-05'),(347940856,'Cogilith','2022-01-18'),(348761091,'Skyvu','2020-05-06'),(350382066,'Yodoo','2018-11-05'),(351484171,'Mycat','2019-08-25'),(355035092,'Dabfeed','2020-05-29'),(355562703,'Devpoint','2021-11-18'),(361312552,'Innotype','2020-05-28'),(361929382,'Buzzshare','2020-10-20'),(362873761,'Dabfeed','2020-02-15'),(363176280,'Meedoo','2021-04-14'),(365878987,'Realblab','2021-09-08'),(366520413,'Yodoo','2018-02-27'),(369016062,'Yakijo','2020-12-16'),(370675053,'Layo','2019-10-07'),(371651102,'Skyvu','2021-06-25'),(373940066,'Topiczoom','2020-05-07'),(379017655,'Trupe','2018-11-05'),(384681342,'Realblab','2021-12-08'),(387046489,'Feedmix','2021-06-30'),(389359593,'InnoZ','2020-11-25'),(390948307,'Trupe','2019-10-20'),(391943760,'Realbridge','2021-08-15'),(393048077,'Buzzster','2021-01-22'),(393831375,'Centizu','2020-11-12'),(393970585,'Trupe','2018-11-05'),(397439958,'Topiczoom','2019-10-05'),(397877284,'Camimbo','2022-04-19'),(400586785,'Meedoo','2020-07-20'),(404164067,'Oloo','2021-07-30'),(406756409,'Thoughtbeat','2020-04-09'),(408970717,'Twitternation','2022-04-16'),(410234856,'Buzzshare','2021-07-18'),(411512776,'Trupe','2018-11-05'),(412639087,'Jabberstorm','2021-05-20'),(412885454,'Quinu','2021-02-08'),(417335664,'Yodoo','2018-09-12'),(417514286,'Dabfeed','2021-06-08'),(418438379,'Blogpad','2019-09-16'),(418584619,'Centizu','2021-01-16'),(420009076,'Feedmix','2021-06-20'),(420574585,'Buzzbean','2022-03-29'),(421193748,'InnoZ','2020-02-29'),(425664895,'Myworks','2021-09-14'),(427430119,'InnoZ','2019-11-16'),(435075826,'Yodoo','2020-02-02'),(442605307,'Realblab','2022-05-19'),(442847504,'Buzzshare','2021-09-20'),(444316098,'Oyope','2020-05-19'),(444698448,'InnoZ','2020-10-01'),(447347943,'Innotype','2022-04-30'),(449408395,'Cogilith','2020-07-21'),(450654924,'Trupe','2018-11-05'),(450752517,'Buzzster','2020-12-22'),(452412777,'Myworks','2020-04-16'),(454837217,'Twitternation','2019-11-07'),(455948225,'Yodoo','2022-02-10'),(461404914,'Realblab','2020-07-21'),(462841976,'Quaxo','2021-06-01'),(465655662,'Jabberstorm','2021-09-25'),(476995365,'Dabfeed','2021-03-20'),(480141515,'Skyndu','2021-07-08'),(485802780,'InnoZ','2020-10-15'),(486958485,'Tazz','2019-12-29'),(488514815,'Trupe','2018-11-05'),(500882380,'Wordtune','2021-12-17'),(502016671,'Shufflester','2020-02-09'),(506448898,'Oyope','2019-08-19'),(508761496,'Oyope','2021-07-27'),(509644232,'Jaxworks','2020-09-14'),(510549707,'InnoZ','2020-11-27'),(513995014,'InnoZ','2022-02-12'),(514856051,'Layo','2019-08-02'),(517850037,'InnoZ','2019-07-23'),(517866527,'Quaxo','2020-12-12'),(520901260,'Layo','2020-05-12'),(521923519,'Flipopia','2020-09-29'),(522965143,'Jabberstorm','2019-08-28'),(531608289,'InnoZ','2020-10-23'),(531943566,'Topiczoom','2020-03-14'),(533148441,'Dabfeed','2020-06-12'),(533228360,'Riffwire','2021-11-17'),(534447530,'Quaxo','2019-10-09'),(534630913,'Yodoo','2019-10-15'),(535006851,'Camimbo','2021-12-01'),(536130872,'Shufflester','2019-12-14'),(538461560,'Camimbo','2022-02-12'),(539195125,'Buzzshare','2021-08-31'),(540925611,'Skyndu','2019-12-03'),(541988799,'Topiczoom','2019-09-13'),(547177971,'Realbridge','2022-01-31'),(547392743,'Yodoo','2018-09-12'),(550209090,'Jabberstorm','2020-02-05'),(551335869,'Quimm','2019-12-18'),(552393702,'Skyndu','2019-10-05'),(554683557,'Innotype','2020-10-29'),(558233457,'Layo','2021-06-23'),(559442453,'Riffwire','2020-02-19'),(561262651,'Yakijo','2021-04-22'),(567170616,'Bubblemix','2022-04-14'),(569400739,'Meedoo','2020-01-17'),(574400457,'InnoZ','2020-02-11'),(575141059,'Myworks','2021-09-27'),(576380000,'Buzzster','2019-11-07'),(581019352,'Myworks','2019-09-07'),(581286603,'Quimm','2022-03-07'),(581439820,'Oyope','2022-01-03'),(595573445,'Trupe','2018-11-05'),(598018155,'InnoZ','2022-01-05'),(599365198,'Yodoo','2020-02-10'),(600200421,'Trupe','2018-11-05'),(600808682,'Yodoo','2019-09-26'),(602049557,'Skyndu','2019-06-07'),(607459831,'Bubblemix','2021-07-28'),(607759544,'Skyvu','2020-03-27'),(611291830,'Dynabox','2019-10-31'),(615039183,'Twinte','2022-04-27'),(615949055,'Buzzbean','2019-06-27'),(619010049,'InnoZ','2021-01-01'),(619933585,'Oloo','2022-01-14'),(620077594,'Shufflester','2020-01-08'),(629255756,'Trupe','2018-11-05'),(631277985,'Blogpad','2019-10-16'),(632562308,'Yodoo','2020-08-11'),(636168978,'Buzzster','2020-12-08'),(637478680,'Skaboo','2022-05-13'),(638367487,'Camimbo','2021-12-09'),(639423145,'Twinte','2022-05-19'),(643940023,'Thoughtbeat','2021-06-25'),(647276555,'InnoZ','2019-08-30'),(648479097,'Topiczoom','2019-10-27'),(651005854,'Oloo','2021-01-21'),(657496636,'Buzzster','2021-10-29'),(659002132,'Dabfeed','2020-05-25'),(661199946,'Trupe','2018-11-05'),(661571664,'Bubblemix','2022-05-05'),(662688907,'Centizu','2020-06-27'),(669117656,'Bubblemix','2021-07-03'),(670133664,'Tazz','2020-04-07'),(670460110,'Buzzbean','2020-12-22'),(675128052,'Bubblemix','2020-09-03'),(676735643,'Wordware','2021-06-11'),(679506931,'Oloo','2020-10-08'),(680156756,'Yakijo','2021-08-27'),(685225816,'Thoughtbeat','2020-11-02'),(687806902,'Innotype','2021-03-02'),(688606089,'Quinu','2020-03-18'),(691650223,'Skyndu','2020-09-06'),(693007628,'Realblab','2020-05-30'),(695939202,'Topiczoom','2022-04-11'),(696784867,'Skyba','2021-10-11'),(698983855,'Realbridge','2022-04-02'),(701904056,'Trupe','2022-05-11'),(703493261,'Devpoint','2020-08-25'),(711584827,'Yodoo','2022-03-12'),(713726654,'Cogilith','2019-08-18'),(713816804,'Dabshots','2022-03-16'),(718921360,'Realbridge','2020-04-21'),(719352362,'Yodoo','2018-09-12'),(719464194,'Blogpad','2019-11-10'),(719672756,'Trupe','2018-11-05'),(726800426,'Fivechat','2019-10-13'),(727014771,'Yodoo','2020-03-12'),(729672041,'Trupe','2018-11-05'),(732977495,'Trupe','2018-11-05'),(733784473,'InnoZ','2020-06-06'),(735066753,'Oyope','2019-08-09'),(738047447,'Wordtune','2022-04-23'),(738426122,'Jaxworks','2020-03-12'),(744112247,'Meeveo','2020-07-11'),(745931754,'Riffwire','2020-05-30'),(748128672,'Dabfeed','2021-11-05'),(752219514,'Dabfeed','2019-11-26'),(756645247,'Yodoo','2018-09-12'),(756986030,'Dynabox','2021-11-03'),(757459323,'Twitternation','2020-08-25'),(757656449,'Mycat','2021-03-29'),(757850956,'Buzzbean','2020-12-21'),(758700855,'Innotype','2019-09-27'),(763214806,'Dabshots','2020-04-24'),(768771248,'Centizu','2022-03-18'),(769311592,'Centizu','2022-04-10'),(771620230,'Skyvu','2022-01-21'),(773011317,'Yakijo','2019-11-29'),(780315181,'Skyba','2019-11-12'),(781354420,'Skyba','2019-06-12'),(785048132,'Dablist','2021-04-30'),(797472577,'Trupe','2018-11-05'),(797659737,'Flipopia','2021-10-24'),(798029693,'Shufflester','2021-05-22'),(799735201,'Shufflester','2021-06-16'),(801075637,'Devpoint','2020-06-29'),(801286056,'Buzzster','2022-04-28'),(803564574,'Feedmix','2022-03-10'),(803652708,'Camimbo','2021-12-22'),(804283946,'Thoughtbeat','2021-02-26'),(804537094,'Quaxo','2019-07-02'),(806185876,'Quimm','2021-04-02'),(807076519,'Jaxworks','2022-03-29'),(808683899,'Dablist','2021-03-29'),(810679445,'Realbridge','2022-02-17'),(811029329,'Buzzshare','2022-04-24'),(814141468,'Shufflester','2020-10-11'),(816227363,'Topiczoom','2020-05-03'),(818157828,'Fivechat','2020-07-12'),(819877951,'Myworks','2021-01-19'),(823098982,'Layo','2021-06-16'),(824296620,'Yodoo','2018-09-12'),(825126696,'Skyba','2021-07-03'),(827076438,'Fivechat','2019-08-25'),(829968648,'Yakijo','2022-03-31'),(830399493,'Devpoint','2021-08-11'),(833819343,'Cogilith','2021-06-17'),(837190514,'Quimm','2022-04-21'),(837629116,'Twinte','2021-11-08'),(838777587,'Twitternation','2019-05-26'),(839105322,'Dabshots','2020-05-21'),(839898927,'Oyope','2020-04-14'),(843688869,'Wordtune','2020-03-30'),(844563847,'Quimm','2020-09-11'),(848738137,'Trupe','2020-02-13'),(849890404,'Dynabox','2019-08-04'),(850971325,'Devpoint','2022-05-15'),(856973137,'Myworks','2021-09-01'),(858937688,'Buzzster','2020-01-23'),(861207701,'Cogilith','2020-05-29'),(863527302,'Centizu','2021-09-12'),(867491749,'Trupe','2018-11-05'),(868539872,'Skyvu','2022-04-07'),(869542085,'Yodoo','2018-09-12'),(872057221,'Twinte','2019-09-02'),(873008177,'Skaboo','2021-07-10'),(879737235,'Yodoo','2018-09-12'),(882642544,'Wordtune','2022-04-20'),(884417620,'Bubblemix','2021-05-19'),(887446431,'Yodoo','2018-09-12'),(890118964,'Jaxworks','2021-05-14'),(891931794,'Jabberstorm','2021-10-31'),(892040412,'Yodoo','2021-03-15'),(898926199,'Yakijo','2019-12-19'),(899704468,'Yodoo','2018-09-12'),(901120351,'Yodoo','2020-09-02'),(901565908,'Jaxworks','2020-03-05'),(905203556,'Devpoint','2020-10-06'),(905609037,'Jabberstorm','2020-09-12'),(905731226,'Quaxo','2021-02-10'),(907377333,'Buzzbean','2021-09-12'),(908411795,'Yodoo','2021-12-23'),(909974776,'Devpoint','2021-10-14'),(913451680,'Devpoint','2020-02-14'),(914766611,'Skyndu','2022-02-15'),(914811780,'Mycat','2021-07-13'),(915431709,'Yodoo','2021-06-02'),(917164012,'Twitternation','2022-05-09'),(918179029,'Wordware','2021-06-11'),(919895623,'Wordtune','2021-07-23'),(921683669,'Tazz','2022-01-24'),(921783898,'Thoughtbeat','2021-05-26'),(926236523,'Yodoo','2018-09-12'),(927888568,'Feedmix','2019-12-25'),(928211792,'Devpoint','2019-07-24'),(929534757,'Trupe','2021-07-27'),(929610008,'Trupe','2018-11-05'),(930076363,'Topiczoom','2020-02-11'),(930255919,'Shufflester','2019-09-05'),(930278090,'Yodoo','2018-09-12'),(933673551,'Thoughtbeat','2022-03-22'),(938045353,'Fivechat','2021-02-27'),(939056250,'Dabfeed','2021-06-05'),(941638495,'Fivechat','2020-02-23'),(941702697,'Trupe','2018-11-05'),(944602068,'Wordware','2021-03-20'),(946455738,'Skyvu','2022-04-14'),(947298209,'InnoZ','2021-03-28'),(947518279,'Cogilith','2019-06-03'),(948565598,'InnoZ','2021-09-16'),(956323340,'Trupe','2018-11-05'),(958820883,'Quimm','2020-10-06'),(960865182,'Quimm','2020-04-04'),(961715206,'Yodoo','2018-06-17'),(962479448,'Thoughtbeat','2019-10-21'),(962908733,'Quinu','2019-10-05'),(963294963,'Quinu','2022-03-30'),(969413907,'Trupe','2018-11-05'),(971026832,'Thoughtbeat','2021-12-08'),(976661327,'Mycat','2020-11-09'),(978163805,'Thoughtbeat','2020-12-31'),(978277307,'Bubblemix','2020-07-29'),(978382317,'Dablist','2022-03-04'),(981348929,'Yakijo','2020-07-02'),(982696296,'Quinu','2020-06-05'),(983732119,'Cogilith','2022-05-15'),(984130924,'Quinu','2020-11-11'),(985268617,'Myworks','2020-08-13'),(985516383,'Skyvu','2021-06-06'),(989738481,'Thoughtbeat','2021-10-02'),(990270677,'Skyndu','2022-03-08'),(992438004,'Cogilith','2020-08-31');
UNLOCK TABLES;

LOCK TABLES `Works_On` WRITE;
INSERT INTO `Works_On` VALUES ('Aerified',106865131),('Aerified',643940023),('Aerified',679506931),('Aerified',771620230),('Ally',106865131),('Ally',212097193),('Ally',371651102),('Ally',447347943),('Alpha',513995014),('Alpha',531943566),('Alpha',879737235),('Andalax',194382586),('Andalax',347940856),('Andalax',926236523),('Asoka',273714828),('Asoka',520901260),('Asoka',899704468),('Axxy',198401169),('Axxy',312330283),('Axxy',638367487),('Bam',106865131),('Bam',361929382),('Bam',581286603),('Bam',773011317),('Bamity',197512098),('Bamity',657496636),('Bamity',719352362),('Bigtax',539195125),('Bigtax',872057221),('Bigtax',961715206),('Bitch',106865131),('Bitch',116611664),('Bitch',615949055),('Bitch',662688907),('Bitchip',106865131),('Bitchip',442605307),('Bitchip',534447530),('Bitchip',581439820),('Bojy',133323919),('Bojy',387046489),('Bojy',798029693),('Bora',210020898),('Bora',500882380),('Bora',930278090),('Breeze',262433045),('Breeze',517850037),('Breeze',639423145),('Cardi',676735643),('Cardi',711584827),('Cardi',981348929),('Cardify',283004998),('Cardify',600808682),('Cardify',780315181),('Cookley',247136082),('Cookley',285509379),('Cookley',598018155),('Daltfresh',113276554),('Daltfresh',179118970),('Daltfresh',485802780),('Do',113967837),('Do',284473410),('Do',406756409),('Do',769311592),('Doma',688606089),('Doma',695939202),('Doma',861207701),('Duobam',113967837),('Duobam',599365198),('Duobam',756986030),('Espan',113967837),('Espan',301813810),('Espan',636168978),('Espan',930255919),('Ex',113967837),('Ex',343206970),('Ex',863527302),('Ex',913451680),('Fintone',198005001),('Fintone',287782913),('Fintone',797659737),('Fixflex',574400457),('Fixflex',619933585),('Fixflex',661199946),('Flex',113967837),('Flex',268611389),('Flex',332060353),('Flex',576380000),('Foxy',120915053),('Foxy',804283946),('Foxy',941702697),('Gembucket',301210242),('Gembucket',465655662),('Gembucket',890118964),('Goma',302319168),('Goma',719672756),('Goma',962908733),('Gram',400586785),('Gram',748128672),('Gram',892040412),('Green',117792351),('Green',249876352),('Green',849890404),('Greenlam',288481030),('Greenlam',379017655),('Greenlam',713816804),('Happy',147142660),('Happy',595573445),('Happy',602049557),('Has',365878987),('Has',533228360),('Has',611291830),('Hasty',373940066),('Hasty',450654924),('Hasty',757850956),('Hatity',144798190),('Hatity',393970585),('Hatity',891931794),('Hold',411512776),('Hold',839898927),('Hold',858937688),('Holdlamis',397439958),('Holdlamis',670133664),('Holdlamis',983732119),('It',176684121),('It',417514286),('It',939056250),('Job',233097413),('Job',797472577),('Job',985516383),('Kaneloni',110901426),('Kaneloni',227211503),('Kaneloni',807076519),('Kanlam',350382066),('Kanlam',427430119),('Kanlam',868539872),('Key',160817873),('Key',236686717),('Key',246784223),('Keylex',181044625),('Keylex',531608289),('Keylex',956323340),('Kon',362873761),('Kon',521923519),('Kon',693007628),('Konklux',540925611),('Konklux',713726654),('Konklux',827076438),('Kora',393831375),('Kora',404164067),('Kora',442847504),('Lamda',150084003),('Lamda',420574585),('Lamda',752219514),('Lamfixy',158198551),('Lamfixy',363176280),('Lamfixy',732977495),('Latlux',182504783),('Latlux',222291272),('Latlux',675128052),('Lex',233923730),('Lex',454837217),('Lex',905203556),('Local',221637500),('Local',830399493),('Local',917164012),('Lotlux',162020835),('Lotlux',410234856),('Lotlux',938045353),('Lotstring',506448898),('Lotstring',843688869),('Lotstring',989738481),('Mat Lam Tam',203101866),('Mat Lam Tam',785048132),('Mat Lam Tam',824296620),('Matsoft',687806902),('Matsoft',745931754),('Matsoft',823098982),('Mitty',418584619),('Mitty',444316098),('Mitty',960865182),('Nam',254361341),('Nam',600200421),('Nam',632562308),('Namfix',107808679),('Namfix',110239664),('Namfix',536130872),('Ntrax',117639602),('Ntrax',696784867),('Ntrax',829968648),('Oba',811029329),('Oba',837629116),('Oba',905609037),('Obama',106865131),('Obama',719464194),('Obama',978163805),('Olowarm',341700862),('Olowarm',615039183),('Olowarm',908411795),('Otcom',285831103),('Otcom',333656648),('Otcom',522965143),('Pancake',312796281),('Pancake',547177971),('Pancake',552393702),('Prodder',253157981),('Prodder',756645247),('Prodder',848738137),('Pura',355035092),('Pura',425664895),('Pura',476995365),('Rompa',198556938),('Rompa',701904056),('Rompa',814141468),('Sanzap',421193748),('Sanzap',947298209),('Sanzap',958820883),('Saucse',207000545),('Saucse',510549707),('Saucse',933673551),('Soft',318486350),('Soft',607759544),('Soft',947518279),('Solarbreeze',131452438),('Solarbreeze',241168607),('Solarbreeze',435075826),('Sonair',168561988),('Sonair',669117656),('Sonair',990270677),('Sonsing',488514815),('Sonsing',901565908),('Sonsing',928211792),('Span',659002132),('Span',804537094),('Span',982696296),('Spanaki',412639087),('Spanaki',670460110),('Spanaki',726800426),('Stim',554683557),('Stim',757656449),('Stim',873008177),('Stone',159051828),('Stone',567170616),('Stone',971026832),('Strong',461404914),('Strong',810679445),('Strong',946455738),('Stronghold',141689804),('Stronghold',169581396),('Stronghold',914811780),('Sub',268928959),('Sub',718921360),('Sub',914766611),('Sub-Ex',258075884),('Sub-Ex',547392743),('Sub-Ex',905731226),('Subin',213239550),('Subin',508761496),('Subin',978277307),('Tammy',221762317),('Tammy',260019359),('Tammy',261026010),('Tamp',218529625),('Tamp',561262651),('Tamp',763214806),('Tampflex',575141059),('Tampflex',629255756),('Tampflex',882642544),('Tempsoft',255050607),('Tempsoft',535006851),('Tempsoft',541988799),('Tin',182245788),('Tin',361312552),('Tin',420009076),('Touchily',837190514),('Touchily',929610008),('Touchily',941638495),('Treap',534630913),('Treap',844563847),('Treap',969413907),('Treeflex',298639540),('Treeflex',607459831),('Treeflex',729672041),('Trippledex',680156756),('Trippledex',691650223),('Trippledex',929534757),('Vagram',152728391),('Vagram',299166765),('Vagram',887446431),('Vento',449408395),('Vento',927888568),('Vento',961715206),('Ventosanzap',110245985),('Ventosanzap',366520413),('Ventosanzap',768771248),('Voyatouch',290556637),('Voyatouch',418438379),('Voyatouch',867491749),('Y-Solowarm',113469608),('Y-Solowarm',369016062),('Y-Solowarm',738426122),('Zon',417335664),('Zon',551335869),('Zon',757459323),('Zontrax',452412777),('Zontrax',502016671),('Zontrax',869542085),('Zoolab',698983855),('Zoolab',803652708),('Zoolab',918179029);
UNLOCK TABLES;
